{
    "start_time": "2020-07-16 16:46:16.395923",
    "model_name": "mobilenetv3_small_custom",
    "total_params": 151463,
    "trainable_params": 151463,
    "optimizer": "SGD (Parameter Group 0, dampening: 0, lr: 0.001, momentum: 0.9, nesterov: False, weight_decay: 0)",
    "loss_fn": "CrossEntropyLoss()",
    "loss_fn.reduction": "mean",
    "max_epochs": 300,
    "max_time_min": 180,
    "do_es": true,
    "es_min_val_per_improvement": 0.0005,
    "es_epochs": 10,
    "do_decay_lr": false,
    "resume_training": false,
    "batch_size": 32,
    "feature_extract": false,
    "use_pretrained": false,
    "balance_class_weights": true,
    "class_counts_train": "523, 523, 523, 523, 523, 523, 523",
    "class_weights_train": "0.177529, 0.267109, 1.000000, 0.183767, 0.118567, 0.225431, 0.860197",
    "class_counts_val": "93, 93, 93, 93, 93, 93, 93",
    "class_weights_val": "0.154742, 0.223558, 1.000000, 0.150000, 0.100108, 0.193347, 0.709924",
    "class_counts_test": "120, 120, 120, 120, 120, 120, 120",
    "class_weights_test": "0.192000, 0.297767, 1.000000, 0.193861, 0.129310, 0.241935, 1.000000",
    "data_path": "C:\\Users\\Matth/mount_sinai_health_hackathon_ekg_img/data",
    "input_size": 800,
    "im_res": 800,
    "im_channels": 1,
    "rnd_seed": 44,
    "norm_mean": "0.958162",
    "norm_std0": "0.093172",
    "starting_memory": "CUDA memory allocated: 662.0 kB, cached: 302.0 MB",
    "pin_memory": true,
    "n_classes": 7,
    "idx_to_class": {
        "0": "AF",
        "1": "I-AVB",
        "2": "LBBB",
        "3": "Normal",
        "4": "RBBB",
        "5": "STD",
        "6": "STE"
    },
    "Dx_classes": {
        "Normal": "Normal sinus rhythm",
        "AF": "Atrial fibrillation",
        "I-AVB": "First-degree atrioventricular block",
        "LBBB": "Left bundle branch block",
        "RBBB": "Right bundle branch block",
        "STD": "ST-segment depression",
        "STE": "ST-segment elevation"
    }
}